formula,actual,predicted,elements,residual
Tl2AuPS4,1.962016842,2.2,Tl Au P S,0.23798315800000025
CsAu,0.126960237,2.3,Cs Au,2.173039763
K2AuPS4,2.479980378,2.63,K Au P S,0.15001962199999985
K2Au2Sn2Se6,2.233414524,2.28,K Au Sn Se,0.04658547599999974
K2Au2SnS4,2.190537784,2.75,K Au Sn S,0.559462216
K2AuI5O15,2.501042076,2.65,K Au I O,0.14895792399999985
KAu5PS8,1.953650418,2.14,K Au P S,0.18634958200000007
BaAuI5O15,2.646692395,2.32,Ba Au I O,-0.32669239500000025
