formula,actual,predicted,elements,residual
Na2Be4B4O11,6.2462395420000005,7.3,Na Be B O,1.0537604579999993
Be3N2,5.279726631,3.8,Be N,-1.4797266310000001
Sr2Be2B2O7,6.309275219,8.0,Sr Be B O,1.6907247810000001
BeSe,3.857712626,4.0,Be Se,0.1422873739999999
BeS,4.736799218,4.17,Be S,-0.5667992179999999
BeO,5.567153433,10.39,Be O,4.822846567000001
