formula,actual,predicted,elements,residual
Hg4P2HfCl6,2.93397286,3.26,Hg P Hf Cl,0.3260271399999999
Nd2HfS5,1.889047233,0.7,Nd Hf S,-1.1890472330000001
La2HfS5,2.032780596,0.7,La Hf S,-1.3327805959999999
HfS2,3.055544401,2.9,Hf S,-0.15554440100000022
HfO2,4.7618054039999995,5.55,Hf O,0.7881945960000003
HfSe2,1.74110612,2.2,Hf Se,0.4588938800000002
Hg4As2HfCl6,2.767964954,2.47,Hg As Hf Cl,-0.2979649539999998
Ho2HfS5,2.8385163010000003,1.0,Ho Hf S,-1.8385163010000003
