formula,actual,predicted,elements,residual
K2Ho4Cu4S9,1.281538303,2.43,K Ho Cu S,1.1484616970000001
Cu3HoSe3,0.278268727,0.16,Cu Ho Se,-0.11826872699999999
Ho2O3,5.338764526,5.42,Ho O,0.08123547399999964
Ho2Mo3O12,1.961135395,1.375,Ho Mo O,-0.5861353949999999
CsHo9Cd4Se18,1.976529169,2.06,Cs Ho Cd Se,0.08347083100000008
EuHo2Se4,2.008087577,1.8,Eu Ho Se,-0.2080875769999999
HoN,2.347185855,1.8566666669999998,Ho N,-0.4905191880000004
Ho2HfS5,2.8385163010000003,1.0,Ho Hf S,-1.8385163010000003
