formula,actual,predicted,elements,residual
IrP2,0.918499576,1.05,Ir P,0.13150042400000006
Ir0.67Se2,1.1035703140000002,0.45,Ir Se,-0.6535703140000002
IrSSe,1.534903382,1.2,Ir S Se,-0.334903382
Ir2Sn3Se3,0.261903809,0.43,Ir Sn Se,0.168096191
Ir0.67S2,0.9465672279999999,2.0,Ir S,1.053432772
IrS2,1.81847405,0.9,Ir S,-0.91847405
IrAs2,0.542428371,1.0,Ir As,0.45757162900000004
BaIr2Ge4S6,0.982244606,1.5390000000000001,Ba Ir Ge S,0.5567553940000002
