formula,actual,predicted,elements,residual
ReSe2,0.934232145,1.07,Re Se,0.1357678550000001
BaReH9,1.737876802,3.44,Ba Re H,1.702123198
ReO3,2.9619509789999996,2.3,Re O,-0.6619509789999998
ReS2,1.2683857490000001,1.143333333,Re S,-0.12505241600000017
