formula,actual,predicted,elements,residual
RhSSe,1.11624704,0.7,Rh S Se,-0.41624704
RhSe3,0.831387243,0.7,Rh Se,-0.13138724300000004
RhAs2,0.606725923,1.15,Rh As,0.543274077
Rh0.67S2,0.771331034,1.5,Rh S,0.728668966
RhP2,0.5434295929999999,1.0,Rh P,0.45657040700000007
Rh2S3,0.814623815,0.8,Rh S,-0.014623814999999984
RhSe2,0.507013988,0.6,Rh Se,0.092986012
BaRh2Ge4Se6,1.153686212,1.089,Ba Rh Ge Se,-0.06468621200000002
