formula,actual,predicted,elements,residual
GaTc,1.603477274,1.42,Ga Tc,-0.18347727400000013
TcS2,1.367154529,1.0,Tc S,-0.367154529
TcSe2,1.04641059,0.88,Tc Se,-0.16641059000000002
ZnTc,1.257293996,2.37,Zn Tc,1.112706004
