formula,actual,predicted,elements,residual
Cu3TmTe3,0.249333954,0.14,Cu Tm Te,-0.10933395399999998
Tm2O3,5.023825202,4.53,Tm O,-0.493825202
EuTm2Se4,1.523262493,1.8,Eu Tm Se,0.276737507
Tm4Sb2Se11.68,1.366458353,1.22,Tm Sb Se,-0.1464583530000001
TmAs,0.8410055959999999,1.18,Tm As,0.338994404
