formula,actual,predicted,elements,residual
Hg4As2UCl6,2.494304545,1.9,Hg As U Cl,-0.594304545
UY4O3S5,1.463201856,1.95,U Y O S,0.486798144
KUO3Cl,3.0185464360000003,2.37,K U O Cl,-0.6485464360000002
UO2,2.391530571,2.18,U O,-0.21153057099999995
BaUSe3,1.152555981,1.0,Ba U Se,-0.1525559809999999
Hg3Te2UCl6,2.05502503,2.6,Hg Te U Cl,0.5449749700000002
